Workbook

Sheet Instrucciones
A1: Declaración de Aplicabilidad (SoA) · 38 controles del Anexo A
A2: Plantilla de apoyo de la guía Descifrando ISO 42001. Interpretación del autor; no sustituye a la norma ISO/IEC 42001 ni es asesoría legal. Los nombres de los controles son traducciones libres.
A4: 1. Para cada control decide si aplica (Sí/No) a partir de tu evaluación de riesgos, tus evaluaciones de impacto y tus requisitos externos (6.1.3).
A5: 2. Justifica TODAS las inclusiones y exclusiones. Una exclusión puede apoyarse en que la evaluación de riesgos no lo requiere y ningún requisito externo lo exige; escribe el porqué concreto, no frases genéricas.
A6: 3. Indica el estado de implementación, los riesgos que trata (IDs del registro) y la evidencia real (ruta o enlace).
A7: 4. La columna Validación revisa la consistencia: avisa si falta decisión, justificación, estado o evidencia.
A8: 5. Si agregas controles propios fuera del Anexo A, añádelos al final con el prefijo 'P-'.
A9: 6. La columna 'Evidencia típica' es orientativa (interpretación del autor). La guía de cada control está en el sitio.
A10: 7. Los nombres de los controles son traducciones libres de referencia del autor.
A12: Autor: Carlos Adrián Guzmán · Descifrando ISO 42001 · Licencia CC BY-SA 4.0 · https://adriangzmncrz-arch.github.io/descifrando-iso42001/

Sheet SoA
A1: Declaración de Aplicabilidad · ISO/IEC 42001 Anexo A
A2: Organización: ____________________ Versión: ____ Aprobada por: ____________________ Fecha: ________
A4: Control | B4: Nombre (traducción libre) | C4: Objetivo | D4: Aplica a (orientativo) | E4: ¿Aplica? | F4: Justificación de inclusión o exclusión | G4: Estado de implementación | H4: Riesgos que trata (IDs) | I4: Evidencia típica (orientativa) | J4: Evidencia real (ruta o enlace) | K4: Responsable | L4: ISO 27001:2022 relacionado | M4: Validación
A5: A.2.2 | B5: Política de IA | C5: A.2 Políticas relacionadas con la IA | D5: Usa IA de terceros / Desarrolla IA / Provee IA a clientes | I5: Política de IA aprobada y vigente; registro de comunicación; procedimiento de excepciones. | L5: 5.1 | M5: =IF(E5="","Pendiente: decide si aplica",IF(F5="","Falta justificación",IF(AND(E5="Sí",G5=""),"Falta estado",IF(AND(E5="Sí",G5="No aplica"),"Inconsistente: aplica pero estado No aplica",IF(AND(E5="No",G5<>"",G5<>"No aplica"),"Inconsistente: excluido con estado",IF(AND(E5="Sí",G5="Implementado",J5=""),"Falta evidencia","OK"))))))
A6: A.2.3 | B6: Alineación con otras políticas de la organización | C6: A.2 Políticas relacionadas con la IA | D6: Usa IA de terceros / Desarrolla IA / Provee IA a clientes | I6: Matriz de cruce entre políticas; políticas actualizadas con referencias a IA. | L6: 5.1 | M6: =IF(E6="","Pendiente: decide si aplica",IF(F6="","Falta justificación",IF(AND(E6="Sí",G6=""),"Falta estado",IF(AND(E6="Sí",G6="No aplica"),"Inconsistente: aplica pero estado No aplica",IF(AND(E6="No",G6<>"",G6<>"No aplica"),"Inconsistente: excluido con estado",IF(AND(E6="Sí",G6="Implementado",J6=""),"Falta evidencia","OK"))))))
A7: A.2.4 | B7: Revisión de la política de IA | C7: A.2 Políticas relacionadas con la IA | D7: Usa IA de terceros / Desarrolla IA / Provee IA a clientes | I7: Historial de versiones; minutas de revisión; insumos de la revisión por la dirección. | L7: 5.1 | M7: =IF(E7="","Pendiente: decide si aplica",IF(F7="","Falta justificación",IF(AND(E7="Sí",G7=""),"Falta estado",IF(AND(E7="Sí",G7="No aplica"),"Inconsistente: aplica pero estado No aplica",IF(AND(E7="No",G7<>"",G7<>"No aplica"),"Inconsistente: excluido con estado",IF(AND(E7="Sí",G7="Implementado",J7=""),"Falta evidencia","OK"))))))
A8: A.3.2 | B8: Roles y responsabilidades de IA | C8: A.3 Organización interna | D8: Usa IA de terceros / Desarrolla IA / Provee IA a clientes | I8: Matriz RACI de IA; descripciones de puesto; nombramientos firmados. | L8: 5.2, 5.3 | M8: =IF(E8="","Pendiente: decide si aplica",IF(F8="","Falta justificación",IF(AND(E8="Sí",G8=""),"Falta estado",IF(AND(E8="Sí",G8="No aplica"),"Inconsistente: aplica pero estado No aplica",IF(AND(E8="No",G8<>"",G8<>"No aplica"),"Inconsistente: excluido con estado",IF(AND(E8="Sí",G8="Implementado",J8=""),"Falta evidencia","OK"))))))
A9: A.3.3 | B9: Reporte de inquietudes | C9: A.3 Organización interna | D9: Usa IA de terceros / Desarrolla IA / Provee IA a clientes | I9: Procedimiento del canal; registros de reportes y su atención; comunicación del canal al personal. | L9: 6.8 | M9: =IF(E9="","Pendiente: decide si aplica",IF(F9="","Falta justificación",IF(AND(E9="Sí",G9=""),"Falta estado",IF(AND(E9="Sí",G9="No aplica"),"Inconsistente: aplica pero estado No aplica",IF(AND(E9="No",G9<>"",G9<>"No aplica"),"Inconsistente: excluido con estado",IF(AND(E9="Sí",G9="Implementado",J9=""),"Falta evidencia","OK"))))))
A10: A.4.2 | B10: Documentación de recursos | C10: A.4 Recursos para sistemas de IA | D10: Usa IA de terceros / Desarrolla IA / Provee IA a clientes | I10: Inventario de sistemas de IA con sus recursos; diagramas de arquitectura y de flujo de datos. | L10: 5.9 | M10: =IF(E10="","Pendiente: decide si aplica",IF(F10="","Falta justificación",IF(AND(E10="Sí",G10=""),"Falta estado",IF(AND(E10="Sí",G10="No aplica"),"Inconsistente: aplica pero estado No aplica",IF(AND(E10="No",G10<>"",G10<>"No aplica"),"Inconsistente: excluido con estado",IF(AND(E10="Sí",G10="Implementado",J10=""),"Falta evidencia","OK"))))))
A11: A.4.3 | B11: Recursos de datos | C11: A.4 Recursos para sistemas de IA | D11: Desarrolla IA / Provee IA a clientes | I11: Fichas de conjuntos de datos (datasheets); catálogo de datos; metadatos de versiones. | L11: 5.9, 5.12 | M11: =IF(E11="","Pendiente: decide si aplica",IF(F11="","Falta justificación",IF(AND(E11="Sí",G11=""),"Falta estado",IF(AND(E11="Sí",G11="No aplica"),"Inconsistente: aplica pero estado No aplica",IF(AND(E11="No",G11<>"",G11<>"No aplica"),"Inconsistente: excluido con estado",IF(AND(E11="Sí",G11="Implementado",J11=""),"Falta evidencia","OK"))))))
A12: A.4.4 | B12: Recursos de herramientas | C12: A.4 Recursos para sistemas de IA | D12: Desarrolla IA / Provee IA a clientes | I12: Inventario de herramientas y modelos con versiones; lista de componentes (AI-BOM o SBOM). | L12: 5.9 | M12: =IF(E12="","Pendiente: decide si aplica",IF(F12="","Falta justificación",IF(AND(E12="Sí",G12=""),"Falta estado",IF(AND(E12="Sí",G12="No aplica"),"Inconsistente: aplica pero estado No aplica",IF(AND(E12="No",G12<>"",G12<>"No aplica"),"Inconsistente: excluido con estado",IF(AND(E12="Sí",G12="Implementado",J12=""),"Falta evidencia","OK"))))))
A13: A.4.5 | B13: Recursos de sistema y cómputo | C13: A.4 Recursos para sistemas de IA | D13: Desarrolla IA / Provee IA a clientes | I13: Inventario de infraestructura; planes de capacidad; datos de consumo energético cuando existan. | L13: 5.9, 8.6 | M13: =IF(E13="","Pendiente: decide si aplica",IF(F13="","Falta justificación",IF(AND(E13="Sí",G13=""),"Falta estado",IF(AND(E13="Sí",G13="No aplica"),"Inconsistente: aplica pero estado No aplica",IF(AND(E13="No",G13<>"",G13<>"No aplica"),"Inconsistente: excluido con estado",IF(AND(E13="Sí",G13="Implementado",J13=""),"Falta evidencia","OK"))))))
A14: A.4.6 | B14: Recursos humanos | C14: A.4 Recursos para sistemas de IA | D14: Usa IA de terceros / Desarrolla IA / Provee IA a clientes | I14: Matriz de competencias; planes de capacitación; perfiles de puesto relacionados con IA. | L14: 6.3 | M14: =IF(E14="","Pendiente: decide si aplica",IF(F14="","Falta justificación",IF(AND(E14="Sí",G14=""),"Falta estado",IF(AND(E14="Sí",G14="No aplica"),"Inconsistente: aplica pero estado No aplica",IF(AND(E14="No",G14<>"",G14<>"No aplica"),"Inconsistente: excluido con estado",IF(AND(E14="Sí",G14="Implementado",J14=""),"Falta evidencia","OK"))))))
A15: A.5.2 | B15: Proceso de evaluación de impacto | C15: A.5 Evaluación de impactos de los sistemas de IA | D15: Usa IA de terceros / Desarrolla IA / Provee IA a clientes | I15: Procedimiento de evaluación de impacto con disparadores, responsables, método y criterios. | L15: — | M15: =IF(E15="","Pendiente: decide si aplica",IF(F15="","Falta justificación",IF(AND(E15="Sí",G15=""),"Falta estado",IF(AND(E15="Sí",G15="No aplica"),"Inconsistente: aplica pero estado No aplica",IF(AND(E15="No",G15<>"",G15<>"No aplica"),"Inconsistente: excluido con estado",IF(AND(E15="Sí",G15="Implementado",J15=""),"Falta evidencia","OK"))))))
A16: A.5.3 | B16: Documentación de las evaluaciones de impacto | C16: A.5 Evaluación de impactos de los sistemas de IA | D16: Usa IA de terceros / Desarrolla IA / Provee IA a clientes | I16: Evaluaciones de impacto firmadas y versionadas; política de retención aplicada. | L16: — | M16: =IF(E16="","Pendiente: decide si aplica",IF(F16="","Falta justificación",IF(AND(E16="Sí",G16=""),"Falta estado",IF(AND(E16="Sí",G16="No aplica"),"Inconsistente: aplica pero estado No aplica",IF(AND(E16="No",G16<>"",G16<>"No aplica"),"Inconsistente: excluido con estado",IF(AND(E16="Sí",G16="Implementado",J16=""),"Falta evidencia","OK"))))))
... A42: A.10.4 | B42: Clientes | C42: A.10 Relaciones con terceros y clientes | D42: Provee IA a clientes | I42: Requisitos de clientes; contratos y términos de uso; documentación entregada al cliente. | L42: 5.20 | M42: =IF(E42="","Pendiente: decide si aplica",IF(F42="","Falta justificación",IF(AND(E42="Sí",G42=""),"Falta estado",IF(AND(E42="Sí",G42="No aplica"),"Inconsistente: aplica pero estado No aplica",IF(AND(E42="No",G42<>"",G42<>"No aplica"),"Inconsistente: excluido con estado",IF(AND(E42="Sí",G42="Implementado",J42=""),"Falta evidencia","OK"))))))

Sheet Resumen
A1: Resumen de la Declaración de Aplicabilidad
A3: Indicador | B3: Valor
A4: Controles del Anexo A | B4: =COUNTA(SoA!A5:A42)
A5: Controles que aplican | B5: =COUNTIF(SoA!E5:E42,"Sí")
A6: Controles excluidos | B6: =COUNTIF(SoA!E5:E42,"No")
A7: Pendientes de decisión | B7: =COUNTBLANK(SoA!E5:E42)
A8: Implementados | B8: =COUNTIFS(SoA!E5:E42,"Sí",SoA!G5:G42,"Implementado")
A9: En curso | B9: =COUNTIFS(SoA!E5:E42,"Sí",SoA!G5:G42,"En curso")
A10: No iniciados | B10: =COUNTIFS(SoA!E5:E42,"Sí",SoA!G5:G42,"No iniciado")
A11: Avance de implementación (implementados / aplican) | B11: =IF(B5=0,"",B8/B5)
A12: Filas con validación distinta de OK | B12: =COUNTIF(SoA!M5:M42,"<>OK")
A15: Objetivo | B15: Aplican | C15: Implementados
A16: A.2 Políticas relacionadas con la IA | B16: =COUNTIFS(SoA!C5:C42,"A.2 *",SoA!E5:E42,"Sí") | C16: =COUNTIFS(SoA!C5:C42,"A.2 *",SoA!E5:E42,"Sí",SoA!G5:G42,"Implementado")
A17: A.3 Organización interna | B17: =COUNTIFS(SoA!C5:C42,"A.3 *",SoA!E5:E42,"Sí") | C17: =COUNTIFS(SoA!C5:C42,"A.3 *",SoA!E5:E42,"Sí",SoA!G5:G42,"Implementado")
A18: A.4 Recursos para sistemas de IA | B18: =COUNTIFS(SoA!C5:C42,"A.4 *",SoA!E5:E42,"Sí") | C18: =COUNTIFS(SoA!C5:C42,"A.4 *",SoA!E5:E42,"Sí",SoA!G5:G42,"Implementado")
A19: A.5 Evaluación de impactos de los sistemas de IA | B19: =COUNTIFS(SoA!C5:C42,"A.5 *",SoA!E5:E42,"Sí") | C19: =COUNTIFS(SoA!C5:C42,"A.5 *",SoA!E5:E42,"Sí",SoA!G5:G42,"Implementado")
A20: A.6 Ciclo de vida del sistema de IA | B20: =COUNTIFS(SoA!C5:C42,"A.6 *",SoA!E5:E42,"Sí") | C20: =COUNTIFS(SoA!C5:C42,"A.6 *",SoA!E5:E42,"Sí",SoA!G5:G42,"Implementado")
A21: A.7 Datos para sistemas de IA | B21: =COUNTIFS(SoA!C5:C42,"A.7 *",SoA!E5:E42,"Sí") | C21: =COUNTIFS(SoA!C5:C42,"A.7 *",SoA!E5:E42,"Sí",SoA!G5:G42,"Implementado")
A22: A.8 Información para las partes interesadas | B22: =COUNTIFS(SoA!C5:C42,"A.8 *",SoA!E5:E42,"Sí") | C22: =COUNTIFS(SoA!C5:C42,"A.8 *",SoA!E5:E42,"Sí",SoA!G5:G42,"Implementado")
A23: A.9 Uso de sistemas de IA | B23: =COUNTIFS(SoA!C5:C42,"A.9 *",SoA!E5:E42,"Sí") | C23: =COUNTIFS(SoA!C5:C42,"A.9 *",SoA!E5:E42,"Sí",SoA!G5:G42,"Implementado")
A24: A.10 Relaciones con terceros y clientes | B24: =COUNTIFS(SoA!C5:C42,"A.10 *",SoA!E5:E42,"Sí") | C24: =COUNTIFS(SoA!C5:C42,"A.10 *",SoA!E5:E42,"Sí",SoA!G5:G42,"Implementado")

Sheet Listas
A1: Aplica | B1: Estado
A2: Sí | B2: No iniciado
A3: No | B3: En curso
B4: Implementado
B5: No aplica
