Workbook

Sheet Instrucciones
A1: Registro de incidentes de IA
A2: Plantilla de apoyo de la guía Descifrando ISO 42001. Interpretación del autor; no sustituye a la norma ISO/IEC 42001 ni es asesoría legal. Los nombres de los controles son traducciones libres.
A4: 1. Registra todo evento en que un sistema de IA haya causado o pudo causar un daño, un incumplimiento o un resultado inaceptable: errores graves, alucinaciones con impacto, trato injusto, ataques, fugas de datos, uso indebido.
A5: 2. Clasifica el tipo y la severidad. Decide si hay que comunicarlo a usuarios (A.8.4) y si hay obligación de notificar a una autoridad (A.8.5) según tu contexto legal.
A6: 3. Si el incidente revela una falla del SGIA, abre una no conformidad y una acción correctiva (10.2) y anota su ID.
A7: 4. Las columnas en gris se calculan solas (días abiertos y alerta de seguimiento).
A8: 5. Revisa la hoja Resumen en la revisión por la dirección (9.3).
A9: 6. Las filas de ejemplo corresponden a la empresa ficticia Conversa Labs (caso práctico 3).
A11: Autor: Carlos Adrián Guzmán · Descifrando ISO 42001 · Licencia CC BY-SA 4.0 · https://adriangzmncrz-arch.github.io/descifrando-iso42001/

Sheet Registro
A1: Registro de incidentes de IA
A2: Controles relacionados: A.6.2.6, A.6.2.8, A.8.3, A.8.4, A.8.5, A.10.3 · Cláusula 10.2
A4: ID | B4: Fecha de detección | C4: Sistema de IA | D4: Origen del reporte | E4: Descripción | F4: Tipo | G4: Severidad | H4: Personas afectadas (aprox.) | I4: ¿Afecta a personas externas? | J4: ¿Comunicar a usuarios? (A.8.4) | K4: ¿Notificar a autoridad? | L4: Contención aplicada | M4: Causa raíz | N4: ID de no conformidad / acción correctiva | O4: Responsable | P4: Estado | Q4: Fecha de cierre | R4: Días abiertos | S4: Alerta | T4: Lecciones aprendidas
A5: INC-2026-014 | B5: 46176 | C5: Conversa · asistente de aseguradora | D5: Reporte de cliente | E5: El asistente afirmó que una póliza cubría un procedimiento que no cubre | F5: Alucinación con impacto | G5: Alta | H5: 37 | I5: Sí | J5: Sí | K5: Por determinar | L5: Se desactivó la intención afectada y se activó respuesta con traspaso a humano | M5: Documento desactualizado en la base de conocimiento y verificación insuficiente de fuentes | N5: AC-2026-009 | O5: Responsable de Confianza y Seguridad | P5: Cerrado | Q5: 46197 | R5: =IF(OR(B5="",Q5=""),"",Q5-B5) | S5: =IF(A5="","",IF(AND(P5<>"Cerrado",OR(G5="Alta",G5="Crítica"),J5=""),"Decidir comunicación a usuarios",IF(AND(P5="Cerrado",M5=""),"Cerrado sin causa raíz",""))) | T5: Agregar prueba de regresión con preguntas de coberturas antes de cada actualización de la base
A6: INC-2026-015 | B6: 46214 | C6: Conversa · asistente universitario | D6: Monitoreo automático | E6: Intento de inyección de instrucciones para obtener el texto del sistema | F6: Seguridad propia de la IA | G6: Media | H6: 0 | I6: No | J6: No | K6: No | L6: Bloqueo por filtro y revisión de registros | O6: CTO | P6: En análisis | R6: =IF(OR(B6="",Q6=""),"",Q6-B6) | S6: =IF(A6="","",IF(AND(P6<>"Cerrado",OR(G6="Alta",G6="Crítica"),J6=""),"Decidir comunicación a usuarios",IF(AND(P6="Cerrado",M6=""),"Cerrado sin causa raíz","")))
R7: =IF(OR(B7="",Q7=""),"",Q7-B7) | S7: =IF(A7="","",IF(AND(P7<>"Cerrado",OR(G7="Alta",G7="Crítica"),J7=""),"Decidir comunicación a usuarios",IF(AND(P7="Cerrado",M7=""),"Cerrado sin causa raíz","")))
R8: =IF(OR(B8="",Q8=""),"",Q8-B8) | S8: =IF(A8="","",IF(AND(P8<>"Cerrado",OR(G8="Alta",G8="Crítica"),J8=""),"Decidir comunicación a usuarios",IF(AND(P8="Cerrado",M8=""),"Cerrado sin causa raíz","")))
R9: =IF(OR(B9="",Q9=""),"",Q9-B9) | S9: =IF(A9="","",IF(AND(P9<>"Cerrado",OR(G9="Alta",G9="Crítica"),J9=""),"Decidir comunicación a usuarios",IF(AND(P9="Cerrado",M9=""),"Cerrado sin causa raíz","")))
R10: =IF(OR(B10="",Q10=""),"",Q10-B10) | S10: =IF(A10="","",IF(AND(P10<>"Cerrado",OR(G10="Alta",G10="Crítica"),J10=""),"Decidir comunicación a usuarios",IF(AND(P10="Cerrado",M10=""),"Cerrado sin causa raíz","")))
R11: =IF(OR(B11="",Q11=""),"",Q11-B11) | S11: =IF(A11="","",IF(AND(P11<>"Cerrado",OR(G11="Alta",G11="Crítica"),J11=""),"Decidir comunicación a usuarios",IF(AND(P11="Cerrado",M11=""),"Cerrado sin causa raíz","")))
R12: =IF(OR(B12="",Q12=""),"",Q12-B12) | S12: =IF(A12="","",IF(AND(P12<>"Cerrado",OR(G12="Alta",G12="Crítica"),J12=""),"Decidir comunicación a usuarios",IF(AND(P12="Cerrado",M12=""),"Cerrado sin causa raíz","")))
R13: =IF(OR(B13="",Q13=""),"",Q13-B13) | S13: =IF(A13="","",IF(AND(P13<>"Cerrado",OR(G13="Alta",G13="Crítica"),J13=""),"Decidir comunicación a usuarios",IF(AND(P13="Cerrado",M13=""),"Cerrado sin causa raíz","")))
R14: =IF(OR(B14="",Q14=""),"",Q14-B14) | S14: =IF(A14="","",IF(AND(P14<>"Cerrado",OR(G14="Alta",G14="Crítica"),J14=""),"Decidir comunicación a usuarios",IF(AND(P14="Cerrado",M14=""),"Cerrado sin causa raíz","")))
R15: =IF(OR(B15="",Q15=""),"",Q15-B15) | S15: =IF(A15="","",IF(AND(P15<>"Cerrado",OR(G15="Alta",G15="Crítica"),J15=""),"Decidir comunicación a usuarios",IF(AND(P15="Cerrado",M15=""),"Cerrado sin causa raíz","")))
R16: =IF(OR(B16="",Q16=""),"",Q16-B16) | S16: =IF(A16="","",IF(AND(P16<>"Cerrado",OR(G16="Alta",G16="Crítica"),J16=""),"Decidir comunicación a usuarios",IF(AND(P16="Cerrado",M16=""),"Cerrado sin causa raíz","")))
R17: =IF(OR(B17="",Q17=""),"",Q17-B17) | S17: =IF(A17="","",IF(AND(P17<>"Cerrado",OR(G17="Alta",G17="Crítica"),J17=""),"Decidir comunicación a usuarios",IF(AND(P17="Cerrado",M17=""),"Cerrado sin causa raíz","")))
R18: =IF(OR(B18="",Q18=""),"",Q18-B18) | S18: =IF(A18="","",IF(AND(P18<>"Cerrado",OR(G18="Alta",G18="Crítica"),J18=""),"Decidir comunicación a usuarios",IF(AND(P18="Cerrado",M18=""),"Cerrado sin causa raíz","")))
... R204: =IF(OR(B204="",Q204=""),"",Q204-B204) | S204: =IF(A204="","",IF(AND(P204<>"Cerrado",OR(G204="Alta",G204="Crítica"),J204=""),"Decidir comunicación a usuarios",IF(AND(P204="Cerrado",M204=""),"Cerrado sin causa raíz","")))

Sheet Resumen
A1: Resumen de incidentes de IA
A3: Tipo de incidente | B3: Total | C3: Abiertos | D3: Alta o crítica
A4: Desempeño o error del modelo | B4: =COUNTIF(Registro!F5:F204,A4) | C4: =COUNTIFS(Registro!F5:F204,A4,Registro!P5:P204,"<>Cerrado") | D4: =COUNTIFS(Registro!F5:F204,A4,Registro!G5:G204,"Alta")+COUNTIFS(Registro!F5:F204,A4,Registro!G5:G204,"Crítica")
A5: Alucinación con impacto | B5: =COUNTIF(Registro!F5:F204,A5) | C5: =COUNTIFS(Registro!F5:F204,A5,Registro!P5:P204,"<>Cerrado") | D5: =COUNTIFS(Registro!F5:F204,A5,Registro!G5:G204,"Alta")+COUNTIFS(Registro!F5:F204,A5,Registro!G5:G204,"Crítica")
A6: Sesgo o trato injusto | B6: =COUNTIF(Registro!F5:F204,A6) | C6: =COUNTIFS(Registro!F5:F204,A6,Registro!P5:P204,"<>Cerrado") | D6: =COUNTIFS(Registro!F5:F204,A6,Registro!G5:G204,"Alta")+COUNTIFS(Registro!F5:F204,A6,Registro!G5:G204,"Crítica")
A7: Seguridad propia de la IA | B7: =COUNTIF(Registro!F5:F204,A7) | C7: =COUNTIFS(Registro!F5:F204,A7,Registro!P5:P204,"<>Cerrado") | D7: =COUNTIFS(Registro!F5:F204,A7,Registro!G5:G204,"Alta")+COUNTIFS(Registro!F5:F204,A7,Registro!G5:G204,"Crítica")
A8: Privacidad o datos personales | B8: =COUNTIF(Registro!F5:F204,A8) | C8: =COUNTIFS(Registro!F5:F204,A8,Registro!P5:P204,"<>Cerrado") | D8: =COUNTIFS(Registro!F5:F204,A8,Registro!G5:G204,"Alta")+COUNTIFS(Registro!F5:F204,A8,Registro!G5:G204,"Crítica")
A9: Uso indebido o fuera del uso previsto | B9: =COUNTIF(Registro!F5:F204,A9) | C9: =COUNTIFS(Registro!F5:F204,A9,Registro!P5:P204,"<>Cerrado") | D9: =COUNTIFS(Registro!F5:F204,A9,Registro!G5:G204,"Alta")+COUNTIFS(Registro!F5:F204,A9,Registro!G5:G204,"Crítica")
A10: Falla del proveedor | B10: =COUNTIF(Registro!F5:F204,A10) | C10: =COUNTIFS(Registro!F5:F204,A10,Registro!P5:P204,"<>Cerrado") | D10: =COUNTIFS(Registro!F5:F204,A10,Registro!G5:G204,"Alta")+COUNTIFS(Registro!F5:F204,A10,Registro!G5:G204,"Crítica")
A11: Otro | B11: =COUNTIF(Registro!F5:F204,A11) | C11: =COUNTIFS(Registro!F5:F204,A11,Registro!P5:P204,"<>Cerrado") | D11: =COUNTIFS(Registro!F5:F204,A11,Registro!G5:G204,"Alta")+COUNTIFS(Registro!F5:F204,A11,Registro!G5:G204,"Crítica")
A12: Total | B12: =SUM(B4:B11) | C12: =SUM(C4:C11) | D12: =SUM(D4:D11)
A14: Promedio de días para cerrar | B14: =IFERROR(AVERAGE(Registro!R5:R204),"")

Sheet Listas
A1: Tipo | B1: Severidad | C1: SiNo | D1: Estado | E1: Origen
A2: Desempeño o error del modelo | B2: Baja | C2: Sí | D2: Abierto | E2: Monitoreo automático
A3: Alucinación con impacto | B3: Media | C3: No | D3: En análisis | E3: Reporte de usuario
A4: Sesgo o trato injusto | B4: Alta | C4: Por determinar | D4: Contenido | E4: Reporte de cliente
A5: Seguridad propia de la IA | B5: Crítica | D5: Cerrado | E5: Reporte interno (A.3.3)
A6: Privacidad o datos personales | E6: Proveedor
A7: Uso indebido o fuera del uso previsto | E7: Auditoría
A8: Falla del proveedor | E8: Otro
A9: Otro
